token,frequency,document_frequency
parser,348,103
file,276,82
metadata,222,64
type,139,41
text,116,49
content,109,43
test,108,14
code,106,38
document,101,50
version,95,38
pdf,82,9
user,79,33
server,77,32
stream,76,30
data,75,32
parse,75,27
class,74,40
add,72,56
java,68,24
property,67,11
object,66,34
vulnerability,64,29
log,62,8
input,61,30
cve,61,23
core,61,22
method,59,25
vulnerable,57,19
detection,55,28
service,54,22
xml,54,20
image,54,17
case,52,39
string,52,18
based,50,32
example,50,32
support,49,31
application,48,23
name,48,19
byte,46,17
field,45,14
currently,44,38
mime,44,14
number,43,19
source,42,20
sonatype,42,9
value,41,24
component,41,21
information,40,30
format,40,22
handler,40,20
implementation,39,25
jar,39,17
process,38,22
extract,37,26
memory,37,21
model,37,13
work,36,30
way,36,28
output,36,22
default,36,15
open,35,17
url,35,10
parsing,32,22
result,32,21
security,32,19
common,32,15
html,32,12
following,31,26
detector,31,14
extractor,31,12
may,30,21
current,29,22
order,29,15
path,29,14
config,29,8
allow,28,26
available,28,24
extraction,28,21
patch,28,19
able,28,17
cvss,28,7
see,27,21
etc,27,17
embedded,27,13
page,27,11
configuration,27,10
library,26,21
given,26,20
run,26,20
change,26,17
tag,26,9
create,25,18
extracted,25,18
provide,25,18
interface,25,17
return,25,17
via,25,16
tool,25,14
api,25,13
exif,25,4
processing,24,21
already,24,20
first,24,20
dependency,24,17
list,24,14
attacker,24,10
mapping,24,5
instead,23,22
time,23,16
client,23,13
key,23,13
module,23,12
language,23,10
emitter,23,9
map,23,9
cxf,23,4
cache,23,3
think,22,19
specific,22,17
project,22,16
app,22,13
different,22,13
request,22,12
task,22,12
attack,22,8
web,22,8
recognition,22,7
cbor,22,1
better,21,19
useful,21,19
improve,21,18
option,21,15
resource,21,15
approach,21,13
function,21,11
parsed,21,10
context,21,9
within,20,18
detect,20,14
problem,20,13
separate,20,13
feature,20,12
office,20,9
system,20,9
zip,20,7
probability,20,1
even,19,15
call,19,14
header,19,10
external,19,9
magic,19,4
translator,19,2
good,18,17
implement,18,17
possible,18,16
simple,18,14
cause,18,12
instance,18,12
line,18,12
recommendation,18,11
pipe,18,8
however,17,16
description,17,12
main,17,12
non,17,12
party,17,11
added,17,10
endpoint,17,10
thread,17,10
word,17,9
custom,17,8
error,17,7
mimetypes,17,6
pdfbox,17,5
microsoft,17,3
detail,16,16
amount,16,13
exception,16,13
might,16,13
related,16,13
allows,16,12
find,16,12
upgrade,16,12
crafted,16,10
search,16,8
character,16,7
container,16,7
jackson,16,7
ocr,16,7
net,16,6
geo,16,5
fetcher,16,4
bit,15,13
propose,15,13
well,15,13
handling,15,12
solution,15,12
advisory,15,10
entry,15,8
cli,15,7
composite,15,6
rest,15,6
date,15,5
params,15,3
let,14,14
base,14,12
help,14,12
package,14,12
back,14,11
extra,14,11
provides,14,11
read,14,11
additional,14,10
best,14,10
plain,14,9
enable,14,8
standard,14,8
pattern,14,7
malicious,14,6
nlp,14,4
prior,14,4
translate,14,1
many,13,12
start,13,12
database,13,11
existing,13,11
large,13,11
several,13,11
similar,13,11
without,13,11
detected,13,10
thing,13,10
fix,13,9
optional,13,9
build,13,8
third,13,8
accept,13,7
bundle,13,7
fork,13,7
match,13,7
medium,13,7
fixed,13,6
form,13,6
json,13,6
logging,13,4
geographic,13,3
contains,12,12
another,12,11
include,12,11
per,12,11
working,12,11
great,12,10
initial,12,10
root,12,9
proposed,12,8
arbitrary,12,7
exploit,12,7
command,12,6
denial,12,6
eval,12,6
async,12,5
txt,12,5
training,12,3
keywords,12,2
handle,11,10
level,11,10
made,11,10
single,11,10
seems,11,9
since,11,9
attachment,11,8
check,11,8
implemented,11,8
mean,11,8
parameter,11,8
present,11,8
size,11,8
store,11,8
configurable,11,7
look,11,7
mechanism,11,7
note,11,7
poi,11,7
remote,11,7
info,11,6
nexus,11,6
response,11,6
xhtml,11,6
body,11,5
extension,11,5
fetch,11,5
pdfs,11,5
xmp,11,5
location,11,4
nutch,11,4
untrusted,11,4
compress,11,3
identification,11,3
reader,11,3
site,11,3
boilerpipe,11,2
configure,10,10
easy,10,10
generic,10,10
needed,10,10
adding,10,9
due,10,9
functionality,10,9
improvement,10,9
put,10,9
write,10,9
found,10,8
latest,10,8
category,10,7
done,10,7
explanation,10,7
part,10,7
encoding,10,6
factory,10,6
network,10,6
table,10,6
thus,10,6
deserialization,10,5
raw,10,5
research,10,5
constructor,10,4
domain,10,4
dublin,10,4
rmeta,10,4
impl,10,2
xss,10,2
grb,10,1
subject,10,1
addition,9,9
configured,9,9
consider,9,9
reference,9,9
release,9,9
still,9,9
creating,9,8
entire,9,8
much,9,8
take,9,8
design,9,7
includes,9,7
prevent,9,7
something,9,7
basic,9,6
buffer,9,6
control,9,6
cwe,9,6
element,9,6
filter,9,6
maven,9,6
parent,9,6
performance,9,6
rule,9,6
severity,9,6
weakness,9,6
auditor,9,5
defined,9,5
doc,9,5
jpeg,9,5
last,9,5
upgrading,9,5
directory,9,4
processor,9,4
public,9,4
script,9,4
browser,9,3
forked,9,3
docker,9,2
excel,9,2
gui,9,2
label,9,2
boilerplate,9,1
isa,9,1
study,9,1
attached,8,8
automatically,8,8
come,8,8
easily,8,8
every,8,8
idea,8,8
including,8,8
lot,8,8
next,8,8
pas,8,8
structure,8,8
access,8,7
around,8,7
define,8,7
fairly,8,7
framework,8,7
multiple,8,7
passed,8,7
require,8,7
small,8,7
alternative,8,6
copy,8,6
exists,8,6
making,8,6
old,8,6
probably,8,6
remove,8,6
reported,8,6
short,8,6
side,8,6
style,8,6
update,8,6
databind,8,5
entity,8,5
later,8,5
mimetype,8,5
move,8,5
people,8,5
reading,8,5
sax,8,5
auto,8,4
crawl,8,4
environment,8,4
lib,8,4
recommend,8,4
specially,8,4
phone,8,3
render,8,3
retrieve,8,3
sample,8,3
trust,8,3
uri,8,3
audio,8,2
namespace,8,2
sentiment,8,2
tab,8,2
target,8,2
callable,8,1
sun,8,1
contain,7,7
either,7,7
full,7,7
give,7,7
included,7,7
national,7,7
perform,7,7
point,7,7
quite,7,7
right,7,7
actually,7,6
allowing,7,6
cannot,7,6
challenge,7,6
discussion,7,6
enough,7,6
execute,7,6
implementing,7,6
length,7,6
loading,7,6
provided,7,6
running,7,6
trigger,7,6
actual,7,5
batch,7,5
containing,7,5
event,7,5
goal,7,5
interested,7,5
less,7,5
lucene,7,5
question,7,5
rather,7,5
returned,7,5
temporary,7,5
title,7,5
try,7,5
abstract,7,4
cell,7,4
crash,7,4
limit,7,4
message,7,4
reporting,7,4
robust,7,4
second,7,4
send,7,4
updated,7,4
analysis,7,3
convert,7,3
msoffice,7,3
video,7,3
attribute,7,2
child,7,2
frame,7,2
investigation,7,2
assay,7,1
datum,7,1
odf,7,1
spring,7,1
weight,7,1
xerces,7,1
finally,6,6
going,6,6
ideally,6,6
index,6,6
introduce,6,6
keep,6,6
nice,6,6
required,6,6
seem,6,6
state,6,6
step,6,6
accuracy,6,5
affect,6,5
algorithm,6,5
choice,6,5
directly,6,5
dom,6,5
extracting,6,5
flexible,6,5
integration,6,5
likely,6,5
loop,6,5
operation,6,5
particular,6,5
regular,6,5
report,6,5
resolution,6,5
robustness,6,5
sent,6,5
simplify,6,5
simply,6,5
smaller,6,5
unit,6,5
vector,6,5
wrapper,6,5
collection,6,4
definition,6,4
digest,6,4
execution,6,4
facade,6,4
follows,6,4
google,6,4
leave,6,4
parses,6,4
runtime,6,4
sending,6,4
special,6,4
strategy,6,4
trained,6,4
hint,6,3
ignore,6,3
internal,6,3
modified,6,3
original,6,3
password,6,3
solr,6,3
timeout,6,3
utils,6,3
cross,6,2
decorator,6,2
delegating,6,2
latitude,6,2
primary,6,2
recogniser,6,2
rtf,6,2
socket,6,2
intuition,6,1
memetix,6,1
mst,6,1
sheet,6,1
swf,6,1
typing,6,1
ability,5,5
area,5,5
binary,5,5
calling,5,5
compared,5,5
complex,5,5
consumption,5,5
created,5,5
discussed,5,5
especially,5,5
essentially,5,5
exist,5,5
extend,5,5
fact,5,5
free,5,5
higher,5,5
huge,5,5
important,5,5
infinite,5,5
known,5,5
lead,5,5
least,5,5
logic,5,5
machine,5,5
maybe,5,5
meta,5,5
must,5,5
none,5,5
others,5,5
overhead,5,5
passing,5,5
plan,5,5
pre,5,5
proposal,5,5
purpose,5,5
refactor,5,5
relying,5,5
representation,5,5
requires,5,5
resulting,5,5
scan,5,5
sometimes,5,5
space,5,5
specify,5,5
storing,5,5
supply,5,5
supported,5,5
therefore,5,5
thrown,5,5
variable,5,5
whole,5,5
written,5,5
box,5,4
choose,5,4
close,5,4
consistent,5,4
disk,5,4
enabled,5,4
expose,5,4
flexibility,5,4
jdbc,5,4
know,5,4
load,5,4
oom,5,4
place,5,4
post,5,4
rce,5,4
really,5,4
situation,5,4
stack,5,4
storage,5,4
stored,5,4
streaming,5,4
top,5,4
topic,5,4
usage,5,4
argument,5,3
border,5,3
buffering,5,3
caller,5,3
compare,5,3
csv,5,3
emit,5,3
empty,5,3
equal,5,3
false,5,3
future,5,3
hierarchy,5,3
hyperlink,5,3
layout,5,3
leak,5,3
link,5,3
mark,5,3
named,5,3
negative,5,3
paper,5,3
program,5,3
proxy,5,3
record,5,3
rendered,5,3
signature,5,3
starting,5,3
static,5,3
three,5,3
unpack,5,3
variety,5,3
wrap,5,3
array,5,2
bag,5,2
char,5,2
cloud,5,2
country,5,2
fasterxml,5,2
forking,5,2
glob,5,2
preference,5,2
profile,5,2
reflect,5,2
relation,5,2
rereadable,5,2
restart,5,2
selection,5,2
temp,5,2
total,5,2
accessor,5,1
admin,5,1
bayesian,5,1
bouncy,5,1
dumper,5,1
fontbox,5,1
isatab,5,1
native,5,1
neural,5,1
panasonic,5,1
scripting,5,1
along,4,4
although,4,4
always,4,4
background,4,4
beginning,4,4
breaking,4,4
building,4,4
built,4,4
compatibility,4,4
condition,4,4
considered,4,4
contact,4,4
creates,4,4
delegate,4,4
describe,4,4
direct,4,4
easier,4,4
efficient,4,4
encoded,4,4
english,4,4
extended,4,4
fails,4,4
faster,4,4
focus,4,4
folk,4,4
general,4,4
hello,4,4
high,4,4
identify,4,4
integrate,4,4
layer,4,4
long,4,4
looking,4,4
missing,4,4
multi,4,4
never,4,4
often,4,4
osgi,4,4
overlap,4,4
perhaps,4,4
pick,4,4
possibility,4,4
potential,4,4
potentially,4,4
providing,4,4
reason,4,4
recently,4,4
recommended,4,4
relevant,4,4
removing,4,4
speed,4,4
ticket,4,4
tiff,4,4
traffic,4,4
trivial,4,4
true,4,4
turn,4,4
unable,4,4
utility,4,4
whatever,4,4
writer,4,4
writing,4,4
address,4,3
affected,4,3
allowed,4,3
break,4,3
builder,4,3
called,4,3
certain,4,3
clean,4,3
computer,4,3
cpu,4,3
discus,4,3
equivalent,4,3
expand,4,3
fetchers,4,3
generally,4,3
generate,4,3
global,4,3
greater,4,3
group,4,3
hang,4,3
heading,4,3
import,4,3
inline,4,3
kind,4,3
knowledge,4,3
overflow,4,3
pluggable,4,3
previously,4,3
refactoring,4,3
term,4,3
usually,4,3
utf,4,3
bomb,4,2
capture,4,2
care,4,2
coded,4,2
compile,4,2
creation,4,2
critical,4,2
dump,4,2
excluding,4,2
failure,4,2
final,4,2
frequency,4,2
geospatial,4,2
hash,4,2
intermediate,4,2
jvm,4,2
nio,4,2
offset,4,2
pdfparser,4,2
print,4,2
rdf,4,2
registry,4,2
relocated,4,2
rfc,4,2
secondary,4,2
sqlite,4,2
stacktraces,4,2
stateless,4,2
tesseract,4,2
tree,4,2
upload,4,2
variation,4,2
worth,4,2
bucket,4,1
captioning,4,1
cardinality,4,1
castle,4,1
checker,4,1
classify,4,1
computation,4,1
dumped,4,1
embedder,4,1
exiftool,4,1
init,4,1
news,4,1
provider,4,1
quote,4,1
transport,4,1
traversal,4,1
undetected,4,1
xfdl,4,1
abhijit,3,3
accurate,3,3
additionally,3,3
advance,3,3
aim,3,3
anyone,3,3
anything,3,3
apach,3,3
apply,3,3
art,3,3
attempt,3,3
avoid,3,3
aware,3,3
backwards,3,3
become,3,3
believe,3,3
block,3,3
blocking,3,3
capability,3,3
changed,3,3
chrismattmann,3,3
classification,3,3
clearly,3,3
combination,3,3
combine,3,3
comment,3,3
concept,3,3
copied,3,3
correct,3,3
cover,3,3
day,3,3
deal,3,3
decouple,3,3
defining,3,3
depending,3,3
deserialized,3,3
desirable,3,3
detecting,3,3
determine,3,3
difficult,3,3
discovered,3,3
docx,3,3
duration,3,3
exact,3,3
experiment,3,3
explicit,3,3
explicitly,3,3
exploited,3,3
facility,3,3
feedback,3,3
filename,3,3
fine,3,3
flag,3,3
gadget,3,3
guarantee,3,3
handled,3,3
heuristic,3,3
hub,3,3
identified,3,3
increase,3,3
inspired,3,3
intended,3,3
interest,3,3
iso,3,3
item,3,3
javascript,3,3
job,3,3
jukka,3,3
legitimate,3,3
limited,3,3
little,3,3
loaded,3,3
lookup,3,3
mailing,3,3
majority,3,3
manage,3,3
markup,3,3
matching,3,3
mentioned,3,3
moving,3,3
necessary,3,3
normalize,3,3
occur,3,3
octet,3,3
ole,3,3
ooxml,3,3
optimization,3,3
performed,3,3
plugin,3,3
poorly,3,3
populated,3,3
practice,3,3
produce,3,3
pull,3,3
rajwade,3,3
reasonably,3,3
recent,3,3
referenced,3,3
regard,3,3
remediation,3,3
replace,3,3
respective,3,3
saving,3,3
scanner,3,3
sensitive,3,3
serialization,3,3
setting,3,3
show,3,3
software,3,3
somewhat,3,3
sort,3,3
specification,3,3
stacktrace,3,3
structured,3,3
sub,3,3
submitting,3,3
sure,3,3
syntax,3,3
thought,3,3
towards,3,3
track,3,3
trying,3,3
underlying,3,3
unlike,3,3
various,3,3
vendor,3,3
verify,3,3
wanted,3,3
wish,3,3
workaround,3,3
world,3,3
wrapped,3,3
yet,3,3
according,3,2
action,3,2
agent,3,2
article,3,2
attention,3,2
beyond,3,2
black,3,2
carefully,3,2
caused,3,2
channel,3,2
charset,3,2
complicated,3,2
confidence,3,2
depend,3,2
depends,3,2
duck,3,2
enabling,3,2
eventually,3,2
ever,3,2
exclusion,3,2
expensive,3,2
expression,3,2
fulltext,3,2
gazetteer,3,2
getting,3,2
gracefully,3,2
hand,3,2
heavily,3,2
histogram,3,2
identical,3,2
incorporate,3,2
initialize,3,2
inner,3,2
int,3,2
international,3,2
invalid,3,2
ioexception,3,2
jaxrs,3,2
jpg,3,2
labeling,3,2
lang,3,2
limiting,3,2
longitude,3,2
maximum,3,2
minimize,3,2
minimum,3,2
mode,3,2
modeling,3,2
mostly,3,2
natural,3,2
ner,3,2
notice,3,2
paragraph,3,2
param,3,2
pass,3,2
platform,3,2
populate,3,2
prevention,3,2
processed,3,2
protected,3,2
recursive,3,2
requirement,3,2
reverse,3,2
save,3,2
say,3,2
schema,3,2
sentence,3,2
snyk,3,2
solid,3,2
stable,3,2
technique,3,2
thinking,3,2
thumbnail,3,2
transitive,3,2
translation,3,2
typical,3,2
typically,3,2
view,3,2
void,3,2
whenever,3,2
window,3,2
xpath,3,2
xxe,3,2
assign,3,1
authorization,3,1
classloaders,3,1
compute,3,1
conditional,3,1
connector,3,1
coupling,3,1
decoder,3,1
delivers,3,1
descriptor,3,1
dictionary,3,1
disclosure,3,1
dsasigner,3,1
envi,3,1
escaping,3,1
gdal,3,1
interpreted,3,1
javax,3,1
logical,3,1
longtitude,3,1
pfa,3,1
plexus,3,1
predict,3,1
qname,3,1
quickly,3,1
scientific,3,1
simplicity,3,1
styling,3,1
suggest,3,1
tukaani,3,1
turtle,3,1
vorbis,3,1
xxxx,3,1
abstraction,2,2
accepted,2,2
accepts,2,2
across,2,2
advantage,2,2
ahead,2,2
alias,2,2
allocation,2,2
almost,2,2
apparently,2,2
applied,2,2
applying,2,2
architecture,2,2
aspect,2,2
assume,2,2
assumption,2,2
attempted,2,2
automatic,2,2
average,2,2
away,2,2
behavior,2,2
benefit,2,2
big,2,2
bottom,2,2
bring,2,2
bug,2,2
bumped,2,2
bunch,2,2
caching,2,2
cleaner,2,2
combined,2,2
commandline,2,2
commit,2,2
communication,2,2
complete,2,2
completed,2,2
comprehensive,2,2
compressed,2,2
concern,2,2
confirm,2,2
connection,2,2
consolidation,2,2
consume,2,2
continue,2,2
contribute,2,2
converting,2,2
corresponding,2,2
cost,2,2
count,2,2
couple,2,2
course,2,2
crawled,2,2
customization,2,2
cut,2,2
dealing,2,2
defaulting,2,2
defines,2,2
deploy,2,2
deprecated,2,2
describes,2,2
deserialize,2,2
deserializing,2,2
designed,2,2
detailed,2,2
detects,2,2
dev,2,2
develop,2,2
developed,2,2
developer,2,2
difference,2,2
distinguish,2,2
distribution,2,2
documentation,2,2
download,2,2
downloading,2,2
downside,2,2
drew,2,2
dummy,2,2
duplicate,2,2
dynamic,2,2
dynamically,2,2
earlier,2,2
effort,2,2
else,2,2
enables,2,2
end,2,2
enhanced,2,2
enhancement,2,2
ensure,2,2
ent,2,2
everything,2,2
excessive,2,2
exclude,2,2
executing,2,2
export,2,2
exposure,2,2
extends,2,2
extensibility,2,2
externally,2,2
extremely,2,2
failed,2,2
fair,2,2
fallback,2,2
far,2,2
fast,2,2
feasible,2,2
feed,2,2
filled,2,2
finding,2,2
focused,2,2
follow,2,2
followup,2,2
footprint,2,2
formed,2,2
frequent,2,2
fse,2,2
fully,2,2
generates,2,2
generating,2,2
git,2,2
gmail,2,2
grabbing,2,2
hadoop,2,2
happen,2,2
helpful,2,2
hit,2,2
hope,2,2
icu,2,2
ideal,2,2
ignoring,2,2
imho,2,2
immediate,2,2
impact,2,2
impacting,2,2
inclusion,2,2
incomplete,2,2
indicated,2,2
individual,2,2
initially,2,2
inject,2,2
inputstream,2,2
inside,2,2
integrated,2,2
intensive,2,2
internally,2,2
internet,2,2
introducing,2,2
investigating,2,2
involves,2,2
jempbox,2,2
jvms,2,2
keeping,2,2
knowing,2,2
learning,2,2
left,2,2
leverage,2,2
licensed,2,2
life,2,2
listed,2,2
listening,2,2
lock,2,2
longer,2,2
looked,2,2
low,2,2
magnitude,2,2
maintained,2,2
malformed,2,2
manner,2,2
mapped,2,2
mapper,2,2
master,2,2
matched,2,2
meant,2,2
meet,2,2
member,2,2
min,2,2
mining,2,2
mitigating,2,2
modify,2,2
namespaces,2,2
negligible,2,2
negotiation,2,2
nothing,2,2
noticed,2,2
noting,2,2
objective,2,2
obtained,2,2
obvious,2,2
obviously,2,2
offer,2,2
ongoing,2,2
online,2,2
opening,2,2
opinion,2,2
organized,2,2
orgapachecxf,2,2
otherwise,2,2
outside,2,2
overloaded,2,2
overview,2,2
particularly,2,2
patched,2,2
perfect,2,2
performs,2,2
persist,2,2
pointed,2,2
pom,2,2
pool,2,2
popular,2,2
port,2,2
positive,2,2
powerful,2,2
prediction,2,2
prefer,2,2
preliminary,2,2
presented,2,2
prevents,2,2
privileged,2,2
programming,2,2
proper,2,2
protect,2,2
protocol,2,2
pseudo,2,2
pure,2,2
push,2,2
query,2,2
queue,2,2
range,2,2
rate,2,2
ratio,2,2
realized,2,2
receive,2,2
receives,2,2
refer,2,2
reflection,2,2
regression,2,2
relating,2,2
released,2,2
rely,2,2
remotely,2,2
removed,2,2
rendering,2,2
replacement,2,2
repository,2,2
resolve,2,2
respectively,2,2
retrieving,2,2
retry,2,2
role,2,2
room,2,2
safe,2,2
saved,2,2
scale,2,2
scenario,2,2
section,2,2
segment,2,2
selected,2,2
sense,2,2
share,2,2
shortly,2,2
shown,2,2
similarly,2,2
simpler,2,2
skip,2,2
sleep,2,2
slightly,2,2
solved,2,2
spec,2,2
specifically,2,2
specified,2,2
standalone,2,2
statistic,2,2
subclass,2,2
submodule,2,2
suggested,2,2
supporting,2,2
taken,2,2
team,2,2
tensorflow,2,2
testing,2,2
textual,2,2
though,2,2
throw,2,2
todo,2,2
token,2,2
tps,2,2
trace,2,2
train,2,2
transition,2,2
trouble,2,2
troublesome,2,2
trustworthy,2,2
uncompressed,2,2
understand,2,2
understanding,2,2
unexpected,2,2
unfortunately,2,2
unknown,2,2
unless,2,2
unstructured,2,2
uploaded,2,2
uploading,2,2
usual,2,2
valued,2,2
wait,2,2
website,2,2
welcome,2,2
whether,2,2
whose,2,2
wide,2,2
wikipedia,2,2
wild,2,2
writes,2,2
wrong,2,2
active,2,1
agree,2,1
alignment,2,1
analyser,2,1
applicable,2,1
audit,2,1
authentication,2,1
backend,2,1
backup,2,1
bean,2,1
bounding,2,1
cdf,2,1
certainty,2,1
checkboxes,2,1
chm,2,1
cited,2,1
collected,2,1
combo,2,1
comparator,2,1
composer,2,1
constit,2,1
contributing,2,1
contribution,2,1
convenient,2,1
ctx,2,1
dataformat,2,1
decision,2,1
deeper,2,1
deletion,2,1
deserializer,2,1
desired,2,1
dimensional,2,1
disable,2,1
dsa,2,1
dumping,2,1
editing,2,1
embed,2,1
emf,2,1
eof,2,1
eol,2,1
equation,2,1
escaped,2,1
evidence,2,1
exceeds,2,1
executables,2,1
expands,2,1
explode,2,1
feel,2,1
fewer,2,1
figure,2,1
fileupload,2,1
firebase,2,1
fsf,2,1
fuzzers,2,1
fuzzing,2,1
gagravarr,2,1
generator,2,1
geoparser,2,1
geotagging,2,1
github,2,1
guava,2,1
host,2,1
ifc,2,1
industry,2,1
inheritance,2,1
initialization,2,1
initializes,2,1
insensitive,2,1
interoperability,2,1
intuitive,2,1
intuitively,2,1
iptc,2,1
iterable,2,1
iterator,2,1
jackcess,2,1
jax,2,1
jdom,2,1
jsoup,2,1
larger,2,1
launch,2,1
leading,2,1
legal,2,1
leveraging,2,1
light,2,1
mangling,2,1
manipulated,2,1
measure,2,1
median,2,1
mit,2,1
mitie,2,1
mixture,2,1
monitor,2,1
monitoring,2,1
monolithic,2,1
msparser,2,1
namespaced,2,1
noformat,2,1
npm,2,1
null,2,1
numeric,2,1
ooms,2,1
opcpackage,2,1
opennlp,2,1
operate,2,1
origin,2,1
ossindex,2,1
overriding,2,1
pdxobject,2,1
phonenumbers,2,1
pipesclient,2,1
plugins,2,1
policy,2,1
predicting,2,1
preventive,2,1
profiler,2,1
quartz,2,1
quotation,2,1
reached,2,1
real,2,1
reflected,2,1
removal,2,1
runner,2,1
safeguard,2,1
score,2,1
sed,2,1
sequence,2,1
serial,2,1
session,2,1
shallow,2,1
shift,2,1
singleton,2,1
spanning,2,1
speedup,2,1
sql,2,1
square,2,1
stdin,2,1
str,2,1
stringignorecase,2,1
suffer,2,1
threshold,2,1
timing,2,1
traverse,2,1
truncated,2,1
trusted,2,1
tsv,2,1
unapplicable,2,1
unified,2,1
unsecure,2,1
uribuilder,2,1
urlconnection,2,1
urlfetcher,2,1
util,2,1
vision,2,1
wanting,2,1
waving,2,1
xmpscanner,2,1
abcd,1,1
abnormally,1,1
absence,1,1
acceptable,1,1
accommodating,1,1
accomplish,1,1
accordance,1,1
achieve,1,1
achieves,1,1
achieving,1,1
acm,1,1
act,1,1
activate,1,1
activated,1,1
activating,1,1
actor,1,1
adapted,1,1
additive,1,1
addressed,1,1
adequately,1,1
advanced,1,1
afmparser,1,1
aforementioned,1,1
aforementionned,1,1
afterwards,1,1
ago,1,1
aiff,1,1
aimed,1,1
aka,1,1
aliasing,1,1
align,1,1
allocate,1,1
alone,1,1
alphanumeric,1,1
alternate,1,1
alternatively,1,1
ambiguity,1,1
among,1,1
analysed,1,1
analysing,1,1
anastasija,1,1
answer,1,1
antipattern,1,1
anyayunli,1,1
apis,1,1
appeal,1,1
appear,1,1
appears,1,1
appended,1,1
appender,1,1
appreciate,1,1
appropriate,1,1
appropriately,1,1
approximately,1,1
apps,1,1
appspot,1,1
archive,1,1
archived,1,1
army,1,1
arrange,1,1
artifact,1,1
ascii,1,1
ask,1,1
asking,1,1
associated,1,1
assuming,1,1
asynchronously,1,1
attach,1,1
attachable,1,1
atypical,1,1
augmenting,1,1
auth,1,1
author,1,1
autodetect,1,1
automated,1,1
automating,1,1
avenue,1,1
avg,1,1
avoiding,1,1
backed,1,1
bad,1,1
bandwidth,1,1
bank,1,1
baseline,1,1
basis,1,1
batching,1,1
bearing,1,1
beauty,1,1
became,1,1
becomes,1,1
begin,1,1
begun,1,1
behaviour,1,1
behind,1,1
beleive,1,1
believed,1,1
beta,1,1
bialecki,1,1
bin,1,1
biomedical,1,1
blacklisting,1,1
blank,1,1
bleskes,1,1
bless,1,1
bloated,1,1
blocked,1,1
blocker,1,1
bmc,1,1
bonus,1,1
boolean,1,1
bother,1,1
boundary,1,1
brain,1,1
branch,1,1
breaching,1,1
bringing,1,1
brittle,1,1
broaden,1,1
broken,1,1
btw,1,1
buffered,1,1
bump,1,1
bundling,1,1
bzip,1,1
cad,1,1
cake,1,1
calculation,1,1
came,1,1
capable,1,1
capital,1,1
caption,1,1
capturing,1,1
carried,1,1
caste,1,1
casuses,1,1
catdoc,1,1
caught,1,1
caution,1,1
cborfactory,1,1
cborgenerator,1,1
ceased,1,1
center,1,1
central,1,1
centralize,1,1
cgi,1,1
chain,1,1
challenged,1,1
chance,1,1
changeset,1,1
chaotic,1,1
charron,1,1
cheap,1,1
cheaper,1,1
checkbox,1,1
checked,1,1
checking,1,1
cherry,1,1
chi,1,1
choosed,1,1
christian,1,1
city,1,1
classic,1,1
classloader,1,1
clause,1,1
cleaning,1,1
clear,1,1
clearest,1,1
clearing,1,1
clever,1,1
click,1,1
clicked,1,1
clog,1,1
clone,1,1
closed,1,1
closely,1,1
closing,1,1
clustering,1,1
clutter,1,1
codebase,1,1
coherent,1,1
coincide,1,1
col,1,1
collaborate,1,1
collect,1,1
color,1,1
coming,1,1
committers,1,1
committing,1,1
commonsfileupload,1,1
companding,1,1
comparison,1,1
competition,1,1
complexity,1,1
compression,1,1
compressor,1,1
computational,1,1
computed,1,1
computes,1,1
concerning,1,1
conclude,1,1
conduct,1,1
conference,1,1
conflicting,1,1
conform,1,1
connect,1,1
considerable,1,1
considerably,1,1
consideration,1,1
considering,1,1
consistency,1,1
consists,1,1
consolidating,1,1
constantly,1,1
constructed,1,1
construction,1,1
consumed,1,1
contenthandler,1,1
controller,1,1
convenience,1,1
converge,1,1
converted,1,1
convinced,1,1
cookie,1,1
cooky,1,1
coordinate,1,1
coordination,1,1
corpus,1,1
correctly,1,1
costly,1,1
counterfeit,1,1
counterpart,1,1
counting,1,1
craft,1,1
crafting,1,1
crazy,1,1
crippling,1,1
crlf,1,1
csvs,1,1
cumbersome,1,1
curl,1,1
customer,1,1
customize,1,1
daemon,1,1
dangerous,1,1
datasets,1,1
ddo,1,1
dead,1,1
debugging,1,1
declaration,1,1
decoding,1,1
decorates,1,1
decrease,1,1
dedicated,1,1
deduce,1,1
deep,1,1
definitive,1,1
defitinions,1,1
degrade,1,1
degree,1,1
delimiter,1,1
deliver,1,1
demand,1,1
demonstrate,1,1
dependence,1,1
dependent,1,1
deployed,1,1
deployment,1,1
deprecate,1,1
deriving,1,1
described,1,1
describing,1,1
desktop,1,1
despite,1,1
deteriorate,1,1
detrimental,1,1
development,1,1
deviation,1,1
dictate,1,1
differently,1,1
dig,1,1
digesting,1,1
dih,1,1
dimension,1,1
dir,1,1
disallow,1,1
disc,1,1
dispatch,1,1
displayed,1,1
disproportionate,1,1
distortion,1,1
distributed,1,1
div,1,1
diverse,1,1
diverted,1,1
divided,1,1
dll,1,1
dockerfiles,1,1
dockerized,1,1
documenting,1,1
dot,1,1
doubly,1,1
doubt,1,1
downtime,1,1
draft,1,1
drawer,1,1
drawn,1,1
drop,1,1
dunning,1,1
duplicating,1,1
duplication,1,1
dwg,1,1
ease,1,1
eat,1,1
echoing,1,1
editor,1,1
efgh,1,1
elect,1,1
electronics,1,1
elf,1,1
eliminates,1,1
embedding,1,1
emits,1,1
emitting,1,1
emmits,1,1
employing,1,1
encoder,1,1
encodes,1,1
encounter,1,1
encountered,1,1
encrypted,1,1
encryption,1,1
endian,1,1
enforce,1,1
enforcement,1,1
enforcing,1,1
enhance,1,1
enormously,1,1
enrichment,1,1
ensuring,1,1
entered,1,1
enthusiast,1,1
environmental,1,1
epub,1,1
equally,1,1
escape,1,1
establish,1,1
estimation,1,1
etched,1,1
evaluate,1,1
evaluates,1,1
evaluator,1,1
eventual,1,1
evil,1,1
exactly,1,1
exceed,1,1
excellent,1,1
excludes,1,1
executed,1,1
executes,1,1
exhibit,1,1
existed,1,1
exit,1,1
expect,1,1
expected,1,1
experimentation,1,1
exportcontents,1,1
exposed,1,1
express,1,1
expressing,1,1
ext,1,1
extending,1,1
extent,1,1
extraneous,1,1
faceted,1,1
factor,1,1
fail,1,1
fall,1,1
family,1,1
fault,1,1
faulty,1,1
featured,1,1
fed,1,1
fetched,1,1
fetchemitworkers,1,1
fetching,1,1
filesystem,1,1
filetype,1,1
filetypes,1,1
fille,1,1
filling,1,1
filtered,1,1
filtering,1,1
finish,1,1
fired,1,1
fixing,1,1
flagged,1,1
flash,1,1
flatten,1,1
flaw,1,1
flow,1,1
fnumber,1,1
focal,1,1
focusing,1,1
focussing,1,1
fold,1,1
footer,1,1
forbit,1,1
force,1,1
forensics,1,1
forkedstatusfile,1,1
formatted,1,1
former,1,1
formula,1,1
forth,1,1
forward,1,1
forwarding,1,1
foundation,1,1
frankly,1,1
fresh,1,1
freshly,1,1
frictionless,1,1
friend,1,1
frontend,1,1
ftp,1,1
fundamental,1,1
fuzzed,1,1
gazetter,1,1
generalize,1,1
generated,1,1
generation,1,1
genuine,1,1
geographical,1,1
geometry,1,1
geonames,1,1
getters,1,1
giuseppe,1,1
giving,1,1
glitch,1,1
golden,1,1
gone,1,1
got,1,1
gov,1,1
govdocs,1,1
grabbed,1,1
grained,1,1
gram,1,1
granular,1,1
greatest,1,1
greatly,1,1
grouped,1,1
grownup,1,1
gsfc,1,1
guard,1,1
guide,1,1
handy,1,1
happens,1,1
happier,1,1
happy,1,1
hard,1,1
hdr,1,1
heart,1,1
heartbeat,1,1
height,1,1
hell,1,1
helping,1,1
herewith,1,1
heritrix,1,1
hesitate,1,1
hex,1,1
hijack,1,1
history,1,1
hold,1,1
hole,1,1
home,1,1
hooking,1,1
hopefully,1,1
hssfworkbook,1,1
human,1,1
hundred,1,1
hunting,1,1
hybrid,1,1
hydro,1,1
hypermedia,1,1
icbm,1,1
icon,1,1
identifier,1,1
identifies,1,1
identifying,1,1
idle,1,1
ikvm,1,1
imagine,1,1
imbedded,1,1
implementration,1,1
importantly,1,1
improved,1,1
improves,1,1
improving,1,1
inaccessible,1,1
inc,1,1
incoming,1,1
incompatibility,1,1
incompatible,1,1
incorporating,1,1
incorrect,1,1
increasingly,1,1
incubating,1,1
independent,1,1
indexed,1,1
indexing,1,1
indicate,1,1
indicates,1,1
inf,1,1
inform,1,1
infracstruture,1,1
infrequent,1,1
ing,1,1
inifinite,1,1
initiated,1,1
injected,1,1
injecting,1,1
injects,1,1
inserted,1,1
inspecting,1,1
install,1,1
instantiate,1,1
instantiated,1,1
instantly,1,1
integer,1,1
integrating,1,1
intelligent,1,1
intentionally,1,1
inter,1,1
interesting,1,1
intermediary,1,1
interrupt,1,1
interrupting,1,1
interval,1,1
intolerable,1,1
introspection,1,1
invalidate,1,1
invalidates,1,1
invalidating,1,1
invocation,1,1
invoke,1,1
invokes,1,1
ioextractor,1,1
irish,1,1
isarchive,1,1
ist,1,1
iteratively,1,1
iwas,1,1
jan,1,1
jarcom,1,1
jarorg,1,1
jaxp,1,1
jboss,1,1
jcr,1,1
jdk,1,1
jerome,1,1
jim,1,1
joshua,1,1
jqf,1,1
june,1,1
kera,1,1
kill,1,1
knew,1,1
knife,1,1
knock,1,1
labeller,1,1
landscape,1,1
late,1,1
latter,1,1
latyer,1,1
launcer,1,1
launcher,1,1
leaf,1,1
learned,1,1
letsmt,1,1
lewis,1,1
lfcnassif,1,1
libphonenumber,1,1
license,1,1
lightweight,1,1
likelihood,1,1
limitation,1,1
linear,1,1
linguistics,1,1
linked,1,1
listing,1,1
literal,1,1
lius,1,1
lived,1,1
llr,1,1
loader,1,1
local,1,1
locally,1,1
locate,1,1
logger,1,1
logically,1,1
logins,1,1
logistic,1,1
lookahead,1,1
loss,1,1
lssue,1,1
lucid,1,1
lumber,1,1
magellan,1,1
maintaining,1,1
malfeasance,1,1
malware,1,1
manageability,1,1
managed,1,1
management,1,1
managing,1,1
mangle,1,1
manipulation,1,1
manufacturer,1,1
mappable,1,1
marker,1,1
marketing,1,1
material,1,1
matter,1,1
mature,1,1
max,1,1
meaning,1,1
meaningfully,1,1
meanwhile,1,1
meatdata,1,1
mechanically,1,1
mechansim,1,1
melded,1,1
mensikova,1,1
menu,1,1
merged,1,1
merges,1,1
messing,1,1
microservices,1,1
migrate,1,1
migrating,1,1
migration,1,1
millis,1,1
millisecond,1,1
mimicking,1,1
mind,1,1
minimal,1,1
minus,1,1
mistake,1,1
mitigated,1,1
mitigation,1,1
mixed,1,1
mobile,1,1
moderate,1,1
modern,1,1
modification,1,1
modifier,1,1
modifying,1,1
modularity,1,1
modularize,1,1
moment,1,1
moreover,1,1
moses,1,1
mount,1,1
multivalued,1,1
mutated,1,1
naive,1,1
namely,1,1
nasa,1,1
natively,1,1
navigate,1,1
navigation,1,1
navigational,1,1
needing,1,1
needlessly,1,1
nermodel,1,1
ness,1,1
nevertheless,1,1
newlines,1,1
noakes,1,1
noise,1,1
nonetheless,1,1
normal,1,1
normalized,1,1
notable,1,1
noted,1,1
noticeable,1,1
notified,1,1
notorious,1,1
npanday,1,1
nquads,1,1
nsf,1,1
nuisance,1,1
num,1,1
oasis,1,1
oauth,1,1
objection,1,1
observing,1,1
occurences,1,1
occuring,1,1
occurrence,1,1
occurs,1,1
ocrparser,1,1
odd,1,1
odt,1,1
older,1,1
onto,1,1
ooxmlparser,1,1
opposed,1,1
optimized,1,1
optionally,1,1
oracle,1,1
ordered,1,1
organization,1,1
orientation,1,1
originating,1,1
outcome,1,1
outdated,1,1
outperformed,1,1
override,1,1
owasp,1,1
owner,1,1
packet,1,1
painful,1,1
par,1,1
paradigm,1,1
partial,1,1
partially,1,1
paying,1,1
payload,1,1
pdfconfig,1,1
pdfont,1,1
pdfrenderer,1,1
pearson,1,1
peg,1,1
performant,1,1
permanent,1,1
permission,1,1
persistence,1,1
persistent,1,1
perspective,1,1
pertaining,1,1
petabyte,1,1
phonenumber,1,1
phrase,1,1
ping,1,1
pinging,1,1
pipesserver,1,1
pkg,1,1
placed,1,1
plug,1,1
plugging,1,1
plus,1,1
pointer,1,1
pojo,1,1
polar,1,1
polymorphic,1,1
pop,1,1
populates,1,1
portion,1,1
position,1,1
possibly,1,1
posted,1,1
postpones,1,1
postprocessing,1,1
precision,1,1
precompiled,1,1
predictable,1,1
predicted,1,1
prefixed,1,1
preserved,1,1
presuming,1,1
prettified,1,1
prevalent,1,1
previous,1,1
printed,1,1
println,1,1
priority,1,1
private,1,1
proactive,1,1
problematic,1,1
produced,1,1
producer,1,1
product,1,1
production,1,1
profiling,1,1
programmatically,1,1
progress,1,1
prohibit,1,1
prolonged,1,1
prominent,1,1
prone,1,1
propagation,1,1
properly,1,1
proposing,1,1
protecting,1,1
prototype,1,1
pulling,1,1
punt,1,1
purifier,1,1
quick,1,1
rabbit,1,1
raise,1,1
raised,1,1
ram,1,1
random,1,1
randomly,1,1
ranging,1,1
rare,1,1
rating,1,1
readability,1,1
ready,1,1
reasonable,1,1
rebalancing,1,1
recogition,1,1
recognized,1,1
recomputing,1,1
recs,1,1
rectify,1,1
recursion,1,1
redefine,1,1
redirect,1,1
redirection,1,1
reduced,1,1
reduces,1,1
ref,1,1
refactors,1,1
refers,1,1
reflecting,1,1
reflects,1,1
regardless,1,1
regexp,1,1
regularly,1,1
reinvent,1,1
reinvented,1,1
relationship,1,1
reliable,1,1
reliably,1,1
reliance,1,1
relies,1,1
reload,1,1
remaining,1,1
remembered,1,1
remembers,1,1
repeating,1,1
repo,1,1
represent,1,1
representative,1,1
represents,1,1
reproduces,1,1
reproducible,1,1
reread,1,1
reset,1,1
resetting,1,1
resloved,1,1
resolver,1,1
resolving,1,1
respond,1,1
responsibility,1,1
responsible,1,1
restarts,1,1
restrict,1,1
restricted,1,1
restriction,1,1
restrictive,1,1
resultant,1,1
returning,1,1
reused,1,1
review,1,1
rewind,1,1
rewriten,1,1
rewritten,1,1
road,1,1
robustly,1,1
rowspan,1,1
rpw,1,1
rtfhyperlink,1,1
rudimentary,1,1
safely,1,1
sake,1,1
samplerate,1,1
sanitization,1,1
sanitize,1,1
sanselan,1,1
satisfy,1,1
scattering,1,1
scheduling,1,1
sci,1,1
science,1,1
scratch,1,1
screen,1,1
secret,1,1
secure,1,1
securing,1,1
seeing,1,1
seen,1,1
select,1,1
selectively,1,1
selects,1,1
self,1,1
semantic,1,1
semantics,1,1
sends,1,1
separating,1,1
separation,1,1
serafeim,1,1
serializable,1,1
serialized,1,1
serverless,1,1
setter,1,1
setup,1,1
shadow,1,1
sharing,1,1
shortcut,1,1
shoved,1,1
showed,1,1
sid,1,1
signer,1,1
significant,1,1
similarity,1,1
simplest,1,1
simplistic,1,1
simultaneous,1,1
singe,1,1
sized,1,1
skipped,1,1
slow,1,1
slower,1,1
smooth,1,1
smoothly,1,1
snippet,1,1
social,1,1
solely,1,1
solrconfig,1,1
solve,1,1
somefilethatdoesnotexist,1,1
somehow,1,1
someparam,1,1
sophisticated,1,1
sorted,1,1
sould,1,1
sparse,1,1
spawn,1,1
specifying,1,1
split,1,1
spool,1,1
spooling,1,1
spreadsheet,1,1
stage,1,1
staging,1,1
standardize,1,1
standardizing,1,1
stanford,1,1
starter,1,1
startup,1,1
statement,1,1
status,1,1
std,1,1
stdout,1,1
steal,1,1
stealing,1,1
stick,1,1
stop,1,1
streamed,1,1
streamlining,1,1
stripped,1,1
strong,1,1
structural,1,1
subimages,1,1
subjective,1,1
submit,1,1
submitted,1,1
subsequent,1,1
subset,1,1
success,1,1
successor,1,1
suffix,1,1
sugar,1,1
sugestion,1,1
suggestion,1,1
suggests,1,1
suitable,1,1
sum,1,1
summarize,1,1
summary,1,1
summer,1,1
super,1,1
supplied,1,1
suppose,1,1
surplus,1,1
surprising,1,1
survey,1,1
susceptible,1,1
svn,1,1
swiss,1,1
switch,1,1
switching,1,1
sxw,1,1
tabular,1,1
taking,1,1
targeted,1,1
tear,1,1
technical,1,1
technology,1,1
ted,1,1
tedious,1,1
tell,1,1
template,1,1
tends,1,1
terminate,1,1
thamme,1,1
thammegowda,1,1
theorem,1,1
theoretical,1,1
theoretically,1,1
tho,1,1
thousand,1,1
thru,1,1
thx,1,1
tier,1,1
tight,1,1
tikaxhtml,1,1
tike,1,1
till,1,1
tilman,1,1
timeline,1,1
timely,1,1
timeouts,1,1
toc,1,1
todos,1,1
together,1,1
tolerant,1,1
took,1,1
toward,1,1
tracked,1,1
traditional,1,1
transfer,1,1
transformation,1,1
transformed,1,1
transitioning,1,1
trasferral,1,1
treated,1,1
trick,1,1
tried,1,1
triggered,1,1
triggering,1,1
trix,1,1
troy,1,1
typed,1,1
ultimately,1,1
unavailable,1,1
unbounded,1,1
unclosed,1,1
undergone,1,1
understood,1,1
unexpectedly,1,1
unification,1,1
uniformity,1,1
unifying,1,1
universal,1,1
universally,1,1
unknowingly,1,1
unnecessary,1,1
unprocessed,1,1
unquoted,1,1
unsafe,1,1
unseen,1,1
unspecified,1,1
unused,1,1
upcoming,1,1
updating,1,1
upgraded,1,1
upon,1,1
ups,1,1
uris,1,1
urn,1,1
usa,1,1
usability,1,1
utfdata,1,1
utilize,1,1
utopian,1,1
vain,1,1
validate,1,1
validated,1,1
validating,1,1
validator,1,1
variant,1,1
variaty,1,1
varies,1,1
varying,1,1
veered,1,1
versa,1,1
vice,1,1
virtue,1,1
visual,1,1
volume,1,1
vulernability,1,1
vulnerabilitiesoutlined,1,1
watcher,1,1
watching,1,1
wav,1,1
wave,1,1
webpage,1,1
wed,1,1
wheel,1,1
whichever,1,1
whilst,1,1
whitespace,1,1
wich,1,1
widely,1,1
width,1,1
wiki,1,1
win,1,1
wip,1,1
wire,1,1
wired,1,1
wishing,1,1
wit,1,1
worked,1,1
workflow,1,1
workingflow,1,1
workload,1,1
worthy,1,1
wrapping,1,1
wrote,1,1
wsdm,1,1
xhml,1,1
xmlbeans,1,1
xmlparser,1,1
xmpdm,1,1
xmppacket,1,1
xmppackets,1,1
xresolution,1,1
yesterday,1,1
york,1,1
yresolution,1,1
zipf,1,1
zitting,1,1
